PATHWAY SORTORDER,BIOCHEMICAL,SUPER PATHWAY,SUB PATHWAY,COMP ID,PLATFORM,CHEMICAL ID,RI,CAS,KEGG
436,(N(1) + N(8))-acetylspermidine,Amino Acid,Polyamine Metabolism,57814,LC/MS Pos Early,100016038,3080,,
139,1-carboxyethyltyrosine,Amino Acid,Tyrosine Metabolism,62564,LC/MS Neg,100020421,1846,,
83,1-methyl-4-imidazoleacetate,Amino Acid,Histidine Metabolism,32350,LC/MS Pos Early,100001208,2064,2625-49-2,C05828
105,2-aminoadipate,Amino Acid,Lysine Metabolism,6146,LC/MS Pos Early,381,1912,542-32-5;1118-90-7,C00956
454,2-hydroxybutyrate/2-hydroxyisobutyrate,Amino Acid,Glutathione Metabolism,52281,LC/MS Polar,100008928,1258,,
303,2-methylbutyrylcarnitine (C5),Amino Acid,"Leucine, Isoleucine and Valine Metabolism",45095,LC/MS Pos Early,100001509,3050,31023-25-3,
379,2-oxoarginine*,Amino Acid,Urea cycle; Arginine and Proline Metabolism,55072,LC/MS Pos Early,100002784,1760,10/4/15,C03771
150,3-(4-hydroxyphenyl)lactate (HPLA),Amino Acid,Tyrosine Metabolism,32197,LC/MS Neg,240,1379,6482-98-0,C03672
328,3-hydroxyisobutyrate,Amino Acid,"Leucine, Isoleucine and Valine Metabolism",1549,LC/MS Polar,111,1619,2068-83-9,C06001
254,3-indoxyl sulfate,Amino Acid,Tryptophan Metabolism,27672,LC/MS Neg,100000467,2222.2,2642-37-7,
323,3-methyl-2-oxobutyrate,Amino Acid,"Leucine, Isoleucine and Valine Metabolism",44526,LC/MS Polar,100000936,911,3715-29-5,C00141
300,3-methyl-2-oxovalerate,Amino Acid,"Leucine, Isoleucine and Valine Metabolism",15676,LC/MS Neg,100000036,2064.2,1460-34-0;51829-07-3,C00671
283,3-methylglutaconate,Amino Acid,"Leucine, Isoleucine and Valine Metabolism",38667,LC/MS Polar,100002458,2700,5746-90-7,
67,3-methylhistidine,Amino Acid,Histidine Metabolism,15677,LC/MS Pos Early,100000042,2670,368-16-1,C01152
434,4-acetamidobutanoate,Amino Acid,Polyamine Metabolism,1558,LC/MS Pos Early,1113,1350,3025-96-5,C02946
439,4-guanidinobutanoate,Amino Acid,Guanidino and Acetamido Metabolism,15681,LC/MS Pos Early,100000096,2320,463-003;463-00-3,C01035
47,4-hydroxyglutamate,Amino Acid,Glutamate Metabolism,40499,LC/MS Pos Early,100002544,1141,2485-33-8,C03079
147,4-hydroxyphenylpyruvate,Amino Acid,Tyrosine Metabolism,1669,LC/MS Neg,1141,1690,156-39-8,C01179
265,4-methyl-2-oxopentanoate,Amino Acid,"Leucine, Isoleucine and Valine Metabolism",22116,LC/MS Neg,100000551,2170,816-66-0,C00233
429,5-methylthioadenosine (MTA),Amino Acid,Polyamine Metabolism,1419,LC/MS Pos Early,212,2752,2457-80-9,C00170
451,5-oxoproline,Amino Acid,Glutathione Metabolism,1494,LC/MS Neg,1021,738.5,98-79-3,C01879
425,acisoga,Amino Acid,Polyamine Metabolism,43258,LC/MS Pos Early,100004541,1813,106692-36-8,
28,alanine,Amino Acid,Alanine and Aspartate Metabolism,1126,LC/MS Pos Early,811,1700,56-41-7,C00041
301,alpha-hydroxyisovalerate,Amino Acid,"Leucine, Isoleucine and Valine Metabolism",46537,LC/MS Polar,100001300,1052,600-37-3,
371,arginine,Amino Acid,Urea cycle; Arginine and Proline Metabolism,1638,LC/MS Pos Early,231,2825,1119-34-2,C00062
372,argininosuccinate,Amino Acid,Urea cycle; Arginine and Proline Metabolism,15497,LC/MS Pos Early,232,2745,156637-58-0,C03406
38,asparagine,Amino Acid,Alanine and Aspartate Metabolism,512,LC/MS Pos Early,917,1225,70-47-3,C00152
34,aspartate,Amino Acid,Alanine and Aspartate Metabolism,443,LC/MS Pos Early,234,1165,56-84-8,C00049
53,beta-citrylglutamate,Amino Acid,Glutamate Metabolism,54923,LC/MS Neg,100003271,530,73590-26-8,C20775
280,beta-hydroxyisovalerate,Amino Acid,"Leucine, Isoleucine and Valine Metabolism",12129,LC/MS Polar,1442,1149.8,625-08-1,
6,betaine,Amino Acid,"Glycine, Serine and Threonine Metabolism",3141,LC/MS Pos Early,799,1064,107-43-7,C00719
115,cadaverine,Amino Acid,Lysine Metabolism,15308,LC/MS Pos Early,100000110,3036,462-94-2;1476-39-7,C01672
217,C-glycosyltryptophan,Amino Acid,Tryptophan Metabolism,48782,LC/MS Pos Early,100006379,2700,180509-18-6,
380,citrulline,Amino Acid,Urea cycle; Arginine and Proline Metabolism,2132,LC/MS Pos Early,391,1520,372-75-8,C00327
411,creatine,Amino Acid,Creatine Metabolism,27718,LC/MS Pos Early,1221,1947,57-00-1,C00300
413,creatine phosphate,Amino Acid,Creatine Metabolism,33951,LC/MS Neg,100000112,603,922-32-7,C02305
412,creatinine,Amino Acid,Creatine Metabolism,513,LC/MS Pos Early,275,2055,60-27-5,C00791
450,"cys-gly, oxidized",Amino Acid,Glutathione Metabolism,18368,LC/MS Pos Early,1224,2947,7729-20-6,
351,cysteine,Amino Acid,"Methionine, Cysteine, SAM and Taurine Metabolism",1868,LC/MS Pos Early,800,1488,52-90-4;56-89-3,C00097
356,cysteine s-sulfate,Amino Acid,"Methionine, Cysteine, SAM and Taurine Metabolism",22176,LC/MS Polar,100000808,2273,1637-71-4,C05824
449,cysteinylglycine disulfide*,Amino Acid,Glutathione Metabolism,62103,LC/MS Pos Early,100002466,2547,70555-24-7,
357,cystine,Amino Acid,"Methionine, Cysteine, SAM and Taurine Metabolism",56,LC/MS Pos Early,279,2000,56-89-3,C00491
386,dimethylarginine (ADMA + SDMA),Amino Acid,Urea cycle; Arginine and Proline Metabolism,36808,LC/MS Pos Early,100001810,2850,102783-24-4,C03626
5,dimethylglycine,Amino Acid,"Glycine, Serine and Threonine Metabolism",5086,LC/MS Pos Early,806,1104,1118-68-9,C01026
311,ethylmalonate,Amino Acid,"Leucine, Isoleucine and Valine Metabolism",15765,LC/MS Polar,2054,2785,601-75-2,
183,gentisate,Amino Acid,Tyrosine Metabolism,18280,LC/MS Polar,100000447,905,490-79-9,C00628
41,glutamate,Amino Acid,Glutamate Metabolism,57,LC/MS Pos Early,561,1500,56-86-0,C00025
42,glutamine,Amino Acid,Glutamate Metabolism,53,LC/MS Pos Early,563,1291,56-85-9,C00064
1,glycine,Amino Acid,"Glycine, Serine and Threonine Metabolism",58,LC/MS Pos Early,340,1375,56-40-6,C00037
410,guanidinoacetate,Amino Acid,Creatine Metabolism,43802,LC/MS Pos Early,344,1937,352-97-6,C00581
65,histidine,Amino Acid,Histidine Metabolism,59,LC/MS Pos Early,355,2707,5934-29-2,C00135
381,homoarginine,Amino Acid,Urea cycle; Arginine and Proline Metabolism,22137,LC/MS Pos Early,100000961,2882,156-86-5,C01924
40,hydroxyasparagine,Amino Acid,Alanine and Aspartate Metabolism,62060,LC/MS Pos Early,100020205,1149,,C03124
363,hypotaurine,Amino Acid,"Methionine, Cysteine, SAM and Taurine Metabolism",590,LC/MS Pos Early,358,724,300-84-5,C00519
76,imidazole lactate,Amino Acid,Histidine Metabolism,15716,LC/MS Pos Early,100000263,2040,14403-45-3,C05568
74,imidazole propionate,Amino Acid,Histidine Metabolism,40730,LC/MS Pos Early,100003434,2263,1074-59-5,
326,isobutyrylcarnitine (C4),Amino Acid,"Leucine, Isoleucine and Valine Metabolism",33441,LC/MS Pos Early,100001055,2810,25518-49-4,
296,isoleucine,Amino Acid,"Leucine, Isoleucine and Valine Metabolism",1125,LC/MS Pos Early,376,2800,73-32-5,C00407
273,isovalerylcarnitine (C5),Amino Acid,"Leucine, Isoleucine and Valine Metabolism",34407,LC/MS Pos Early,100001393,3085,31023-24-2,
225,kynurenate,Amino Acid,Tryptophan Metabolism,1417,LC/MS Neg,98,2224,492-27-3,C01717
221,kynurenine,Amino Acid,Tryptophan Metabolism,15140,LC/MS Pos Early,100000265,2739,2922-83-0,C00328
261,leucine,Amino Acid,"Leucine, Isoleucine and Valine Metabolism",60,LC/MS Pos Early,397,2864,61-90-5,C00123
92,lysine,Amino Acid,Lysine Metabolism,1301,LC/MS Pos Early,407,2850,56-87-1,C00047
332,methionine,Amino Acid,"Methionine, Cysteine, SAM and Taurine Metabolism",1302,LC/MS Pos Early,415,2526,63-68-3,C00073
336,methionine sulfone,Amino Acid,"Methionine, Cysteine, SAM and Taurine Metabolism",44878,LC/MS Pos Early,100004635,1250,820-10-0,
337,methionine sulfoxide,Amino Acid,"Methionine, Cysteine, SAM and Taurine Metabolism",18374,LC/MS Pos Early,100000039,1272,3226-65-1,C02989
119,"N,N,N-trimethyl-5-aminovalerate",Amino Acid,Lysine Metabolism,57687,LC/MS Pos Early,100015962,2186,,
101,"N6,N6,N6-trimethyllysine",Amino Acid,Lysine Metabolism,1498,LC/MS Pos Early,189,2825,23284-33-5,C03793
30,N-acetylalanine,Amino Acid,Alanine and Aspartate Metabolism,1585,LC/MS Polar,1110,1564.8,97-69-8,C02847
387,N-acetylarginine,Amino Acid,Urea cycle; Arginine and Proline Metabolism,33953,LC/MS Pos Early,100001266,2245,155-84-0,C02562
35,N-acetylaspartate (NAA),Amino Acid,Alanine and Aspartate Metabolism,22185,LC/MS Polar,100000787,3143,997-55-7;997-55-7,C01042
44,N-acetylglutamate,Amino Acid,Glutamate Metabolism,15720,LC/MS Pos Early,100000282,1050,8/3/17,C00624
68,N-acetylhistidine,Amino Acid,Histidine Metabolism,33946,LC/MS Pos Early,100001293,2065,39145-52-3,C02997
333,N-acetylmethionine,Amino Acid,"Methionine, Cysteine, SAM and Taurine Metabolism",1589,LC/MS Neg,1083,1787,65-82-7,C02712
430,N-acetylputrescine,Amino Acid,Polyamine Metabolism,37496,LC/MS Pos Early,192,2230,18233-70-0,C02714
10,N-acetylserine,Amino Acid,"Glycine, Serine and Threonine Metabolism",37076,LC/MS Polar,100001851,2000,97-14-3,
17,N-acetylthreonine,Amino Acid,"Glycine, Serine and Threonine Metabolism",33939,LC/MS Polar,100001274,1700,17093-74-2,
392,N-delta-acetylornithine,Amino Acid,Urea cycle; Arginine and Proline Metabolism,43249,LC/MS Polar,100004523,2719.9,,
227,N-formylanthranilic acid,Amino Acid,Tryptophan Metabolism,43549,LC/MS Polar,100004561,900,3342-77-6,C05653
334,N-formylmethionine,Amino Acid,"Methionine, Cysteine, SAM and Taurine Metabolism",2829,LC/MS Neg,194,1543.8,4289-98-9,C03145
402,N-methylproline,Amino Acid,Urea cycle; Arginine and Proline Metabolism,37431,LC/MS Pos Early,100001956,1335,475-11-6,
375,ornithine,Amino Acid,Urea cycle; Arginine and Proline Metabolism,1493,LC/MS Pos Early,444,2800,3184-13-2,C00077
180,o-Tyrosine,Amino Acid,Tyrosine Metabolism,43392,LC/MS Pos Early,100004290,2772,2370-61-8,
154,phenol sulfate,Amino Acid,Tyrosine Metabolism,32553,LC/MS Neg,100001510,2156,937-34-8,C02180
120,phenylalanine,Amino Acid,Phenylalanine Metabolism,64,LC/MS Pos Early,460,2878,63-91-2,C00079
126,phenyllactate (PLA),Amino Acid,Phenylalanine Metabolism,22130,LC/MS Polar,100000774,908,828-01-3,C05607
125,phenylpyruvate,Amino Acid,Phenylalanine Metabolism,566,LC/MS Polar,241,845,156-06-9,C00166
113,pipecolate,Amino Acid,Lysine Metabolism,1444,LC/MS Pos Early,1025,2200,4043-87-2,C00408
383,proline,Amino Acid,Urea cycle; Arginine and Proline Metabolism,1898,LC/MS Pos Early,480,1603,147-85-3,C00148
51,pyroglutamine*,Amino Acid,Glutamate Metabolism,46225,LC/MS Pos Early,100001540,1900,2353-44-8,
343,S-adenosylhomocysteine (SAH),Amino Acid,"Methionine, Cysteine, SAM and Taurine Metabolism",42382,LC/MS Neg,197,1832.4,979-92-0,C00021
342,S-adenosylmethionine (SAM),Amino Acid,"Methionine, Cysteine, SAM and Taurine Metabolism",15915,LC/MS Pos Early,1263,3002,24346-00-7;86867-01-8;86867-0108,C00019
9,serine,Amino Acid,"Glycine, Serine and Threonine Metabolism",1648,LC/MS Pos Early,503,1239,56-45-1,C00065
353,S-methylcysteine,Amino Acid,"Methionine, Cysteine, SAM and Taurine Metabolism",39592,LC/MS Pos Early,100002749,1955,1187-84-4,
354,S-methylcysteine sulfoxide,Amino Acid,"Methionine, Cysteine, SAM and Taurine Metabolism",43378,LC/MS Pos Early,100002927,900,6853-87-8,
421,spermidine,Amino Acid,Polyamine Metabolism,485,LC/MS Pos Early,50,3355,124-20-9,C00315
426,spermine,Amino Acid,Polyamine Metabolism,603,LC/MS Pos Late,507,758,71-44-3,C00750
364,taurine,Amino Acid,"Methionine, Cysteine, SAM and Taurine Metabolism",2125,LC/MS Neg,512,690,107-35-7,C00245
16,threonine,Amino Acid,"Glycine, Serine and Threonine Metabolism",1284,LC/MS Pos Early,564,1514,72-19-5,C00188
306,tiglyl carnitine (C5),Amino Acid,"Leucine, Isoleucine and Valine Metabolism",35428,LC/MS Pos Early,100001597,2962,64191-86-2,
397,hydroxyproline,Amino Acid,Urea cycle; Arginine and Proline Metabolism,32306,LC/MS Pos Early,1001,1064,51-35-4,C01157
72,trans-urocanate,Amino Acid,Histidine Metabolism,607,LC/MS Pos Early,537,2285,104-98-3,C00785
210,tryptophan,Amino Acid,Tryptophan Metabolism,54,LC/MS Pos Early,565,2986,73-22-3,C00078
219,tryptophan betaine,Amino Acid,Tryptophan Metabolism,37097,LC/MS Pos Early,100001743,2673,20671-76-5,C09213
143,tyramine,Amino Acid,Tyrosine Metabolism,1603,LC/MS Pos Early,1133,2540,60-19-5,C00483
137,tyrosine,Amino Acid,Tyrosine Metabolism,1299,LC/MS Pos Early,815,2430,60-18-4,C00082
373,urea,Amino Acid,Urea cycle; Arginine and Proline Metabolism,1670,LC/MS Pos Early,533,700,57-13-6,C00086
318,valine,Amino Acid,"Leucine, Isoleucine and Valine Metabolism",1649,LC/MS Pos Early,566,2479,72-18-4,C00183
231,xanthurenate,Amino Acid,Tryptophan Metabolism,15679,LC/MS Pos Early,100000015,2236,59-007,C02470
1175,acetylphosphate,Energy,Oxidative Phosphorylation,15488,LC/MS Polar,1211,4013.9,94249-01-1,C00227
1154,aconitate [cis or trans],Energy,TCA Cycle,46173,LC/MS Neg,100001359,580,,
1158,alpha-ketoglutarate,Energy,TCA Cycle,528,LC/MS Polar,93,2700,305-72-6;328-50-7;22202-68-2,C00026
1152,citrate,Energy,TCA Cycle,1564,LC/MS Neg,1124,582,77-92-9,C00158
1162,fumarate,Energy,TCA Cycle,1643,LC/MS Polar,330,3084,100-17-8,C00122
1156,isocitrate,Energy,TCA Cycle,12110,LC/MS Pos Early,1206,773,20226-99-7,C00311
1157,isocitric lactone,Energy,TCA Cycle,54724,LC/MS Polar,100009239,2970,4702-32-3,
1163,malate,Energy,TCA Cycle,1303,LC/MS Polar,409,3343.1,6915-15-7,C00149
1177,phosphate,Energy,Oxidative Phosphorylation,42109,LC/MS Pos Early,461,576,7664-38-2,C00009
1161,succinate,Energy,TCA Cycle,1437,LC/MS Polar,252,3149,110-15-6,C00042
1160,succinylcarnitine (C4),Energy,TCA Cycle,37058,LC/MS Pos Early,100001948,2291,256928-74-2,
1323,(12 or 13)-methylmyristate (a15:0 or i15:0),Lipid,"Fatty Acid, Branched",38293,LC/MS Neg,100002344,5499,2485-71-4,
1326,(14 or 15)-methylpalmitate (a17:0 or i17:0),Lipid,"Fatty Acid, Branched",38768,LC/MS Neg,100002945,5695,,
1330,(16 or 17)-methylstearate (a19:0 or i19:0),Lipid,"Fatty Acid, Branched",38296,LC/MS Neg,100002356,5993,2724-59-6,
2336,1-(1-enyl-oleoyl)-GPE (P-18:1)*,Lipid,Lysoplasmalogen,44621,LC/MS Pos Late,100005372,1566,,
2314,1-(1-enyl-palmitoyl)-2-arachidonoyl-GPC (P-16:0/20:4)*,Lipid,Plasmalogen,52689,LC/MS Pos Late,100009014,2154,,
2306,1-(1-enyl-palmitoyl)-2-arachidonoyl-GPE (P-16:0/20:4)*,Lipid,Plasmalogen,52673,LC/MS Pos Late,100009002,2270,,
2315,1-(1-enyl-palmitoyl)-2-linoleoyl-GPC (P-16:0/18:2)*,Lipid,Plasmalogen,52682,LC/MS Pos Late,100009009,2226,,
2303,1-(1-enyl-palmitoyl)-2-linoleoyl-GPE (P-16:0/18:2)*,Lipid,Plasmalogen,52677,LC/MS Pos Late,100009069,2351,,
2302,1-(1-enyl-palmitoyl)-2-oleoyl-GPE (P-16:0/18:1)*,Lipid,Plasmalogen,52477,LC/MS Pos Late,100009005,2600,,
2304,1-(1-enyl-palmitoyl)-2-palmitoyl-GPC (P-16:0/16:0)*,Lipid,Plasmalogen,52716,LC/MS Pos Late,100009162,2454,,
2334,1-(1-enyl-palmitoyl)-GPE (P-16:0)*,Lipid,Lysoplasmalogen,39270,LC/MS Pos Late,100003000,1558,,
2319,1-(1-enyl-stearoyl)-2-arachidonoyl-GPE (P-18:0/20:4)*,Lipid,Plasmalogen,52475,LC/MS Pos Late,100008999,2511,,
2311,1-(1-enyl-stearoyl)-2-linoleoyl-GPE (P-18:0/18:2)*,Lipid,Plasmalogen,52748,LC/MS Pos Late,100009225,2633,,
2310,1-(1-enyl-stearoyl)-2-oleoyl-GPE (P-18:0/18:1),Lipid,Plasmalogen,52614,LC/MS Pos Late,100008919,2950,144371-68-6,
2338,1-(1-enyl-stearoyl)-GPE (P-18:0)*,Lipid,Lysoplasmalogen,39271,LC/MS Pos Late,100003001,1649,,
1904,"1,2-dilinolenoyl-GPC (18:3/18:3)*",Lipid,Phosphatidylcholine (PC),53179,LC/MS Pos Late,100009344,1800,,
2275,"1,2-dilinoleoyl-digalactosylglycerol (18:2/18:2)*",Lipid,Glycolipid Metabolism,54897,LC/MS Pos Late,100010873,2256,,
1895,"1,2-dilinoleoyl-GPC (18:2/18:2)",Lipid,Phosphatidylcholine (PC),52603,LC/MS Pos Late,100008903,2006,998-06-1,
1975,"1,2-dilinoleoyl-GPE (18:2/18:2)*",Lipid,Phosphatidylethanolamine (PE),53174,LC/MS Pos Late,100009217,2083,,
1819,"1,2-dipalmitoyl-GPC (16:0/16:0)",Lipid,Phosphatidylcholine (PC),19130,LC/MS Pos Late,100000657,2365,63-89-8,
1937,"1,2-dipalmitoyl-GPE (16:0/16:0)*",Lipid,Phosphatidylethanolamine (PE),57341,LC/MS Pos Late,100009204,2498,,
1215,10-heptadecenoate (17:1n7),Lipid,Long Chain Fatty Acid,33971,LC/MS Neg,100001278,5555,29743-97-3,
1227,10-nonadecenoate (19:1n9),Lipid,Long Chain Fatty Acid,33972,LC/MS Neg,100001277,5780,73033-09-7,
1617,"12,13-DiHOME",Lipid,"Fatty Acid, Dihydroxy",38395,LC/MS Neg,62,5137,263399-35-5,C14829
1596,13-HODE + 9-HODE,Lipid,"Fatty Acid, Monohydroxy",37752,LC/MS Neg,100002196,5275,,
1592,16-hydroxypalmitate,Lipid,"Fatty Acid, Monohydroxy",39609,LC/MS Neg,100002953,5236.2,506-13-8,C18218
2128,1-arachidonoyl-GPC* (20:4)*,Lipid,Lysophospholipid,33228,LC/MS Pos Late,100001551,1460,,C05208
2171,1-arachidonoyl-GPE (20:4n6)*,Lipid,Lysophospholipid,35186,LC/MS Neg,100001571,5874,,
2362,1-arachidonylglycerol (20:4),Lipid,Monoacylglycerol,34397,LC/MS Neg,100001433,6250,35474-99-8,C13857
2361,1-dihomo-linolenylglycerol (20:3),Lipid,Monoacylglycerol,48341,LC/MS Neg,100006121,6400,,
2381,1-dihomo-linoleoylglycerol (20:2),Lipid,Monoacylglycerol,35103,LC/MS Neg,100001483,6800,,
2365,1-docosahexaenoylglycerol (22:6),Lipid,Monoacylglycerol,35153,LC/MS Neg,100001481,6150,,
2376,1-heptadecenoylglycerol (17:1)*,Lipid,Monoacylglycerol,62449,LC/MS Neg,100020769,6390,,
2357,1-linolenoylglycerol (18:3),Lipid,Monoacylglycerol,34393,LC/MS Neg,100001435,6214,124151-74-2,
2112,1-linolenoyl-GPC (18:3)*,Lipid,Lysophospholipid,45951,LC/MS Pos Late,100005350,1410,,
1899,1-linoleoyl-2-arachidonoyl-GPC (18:2/20:4n6)*,Lipid,Phosphatidylcholine (PC),52710,LC/MS Pos Late,100009131,1969,,
2278,1-linoleoyl-2-linolenoyl-digalactosylglycerol (18:2/18:3)*,Lipid,Glycolipid Metabolism,54896,LC/MS Pos Late,100010872,2073,,
1896,1-linoleoyl-2-linolenoyl-GPC (18:2/18:3)*,Lipid,Phosphatidylcholine (PC),53176,LC/MS Pos Late,100009343,1939,,
2356,1-linoleoylglycerol (18:2),Lipid,Monoacylglycerol,27447,LC/MS Neg,100001040,6477,2277-28-3,
2110,1-linoleoyl-GPC (18:2),Lipid,Lysophospholipid,34419,LC/MS Pos Late,100001395,1465,,C04100
2160,1-linoleoyl-GPE (18:2)*,Lipid,Lysophospholipid,36600,LC/MS Pos Late,100001570,1482,,
2197,1-linoleoyl-GPG (18:2)*,Lipid,Lysophospholipid,54885,LC/MS Neg,100009227,5516,,
2205,1-linoleoyl-GPI* (18:2)*,Lipid,Lysophospholipid,36594,LC/MS Neg,100001778,5494,,
2188,1-linoleoyl-GPS (18:2)*,Lipid,Lysophospholipid,43676,LC/MS Neg,100004606,5500,,
2353,1-margaroylglycerol (17:0),Lipid,Monoacylglycerol,34391,LC/MS Neg,100001429,6571,68002-72-2,
2349,1-myristoleoylglycerol (14:1),Lipid,Monoacylglycerol,34382,LC/MS Neg,100001434,5655,55030-82-5,
1808,1-myristoyl-2-arachidonoyl-GPC (14:0/20:4)*,Lipid,Phosphatidylcholine (PC),53195,LC/MS Pos Late,100009139,1914,,
1804,1-myristoyl-2-palmitoyl-GPC (14:0/16:0),Lipid,Phosphatidylcholine (PC),19258,LC/MS Pos Late,100000672,2147,69525-80-0,
2348,1-myristoylglycerol (14:0),Lipid,Monoacylglycerol,35625,LC/MS Neg,100001618,6353.3,75685-84-6,C01885
1971,1-oleoyl-2-arachidonoyl-GPE (18:1/20:4)*,Lipid,Phosphatidylethanolamine (PE),55041,LC/MS Pos Late,100009219,2200,,
1974,1-oleoyl-2-docosahexaenoyl-GPE (18:1/22:6)*,Lipid,Phosphatidylethanolamine (PE),53209,LC/MS Pos Late,100009220,2119,,
1884,1-oleoyl-2-linoleoyl-GPC (18:1/18:2)*,Lipid,Phosphatidylcholine (PC),52453,LC/MS Pos Late,100008981,2165,,
1968,1-oleoyl-2-linoleoyl-GPE (18:1/18:2)*,Lipid,Phosphatidylethanolamine (PE),52687,LC/MS Pos Late,100009078,2270,,
2355,1-oleoylglycerol (18:1),Lipid,Monoacylglycerol,21184,LC/MS Neg,100000924,6650,111-03-5,
2107,1-oleoyl-GPC (18:1),Lipid,Lysophospholipid,48258,LC/MS Pos Late,100001272,1540,19420-56-5,
2158,1-oleoyl-GPE (18:1),Lipid,Lysophospholipid,35628,LC/MS Pos Late,100001569,1554,89576-29-4,
2203,1-oleoyl-GPI (18:1)*,Lipid,Lysophospholipid,36602,LC/MS Neg,100001777,5599,,
2186,1-oleoyl-GPS (18:1),Lipid,Lysophospholipid,19260,LC/MS Pos Late,100000630,1555,326589-90-6,
2352,1-palmitoleoylglycerol (16:1)*,Lipid,Monoacylglycerol,52431,LC/MS Neg,100008952,6094,,
2099,1-palmitoleoyl-GPC* (16:1)*,Lipid,Lysophospholipid,33230,LC/MS Pos Late,100001511,1450,,
1837,1-palmitoyl-2-arachidonoyl-GPC (16:0/20:4n6),Lipid,Phosphatidylcholine (PC),52462,LC/MS Pos Late,100008914,2091,35418-58-7,
1945,1-palmitoyl-2-arachidonoyl-GPE (16:0/20:4)*,Lipid,Phosphatidylethanolamine (PE),52464,LC/MS Pos Late,100008990,2198,,
1947,1-palmitoyl-2-docosahexaenoyl-GPE (16:0/22:6)*,Lipid,Phosphatidylethanolamine (PE),52465,LC/MS Pos Late,100008991,2119,,
2269,1-palmitoyl-2-linoleoyl-digalactosylglycerol (16:0/18:2)*,Lipid,Glycolipid Metabolism,54887,LC/MS Pos Late,100010874,2498,,
1826,1-palmitoyl-2-linoleoyl-GPC (16:0/18:2),Lipid,Phosphatidylcholine (PC),42446,LC/MS Pos Late,1537,2160,40811-94-7,
1942,1-palmitoyl-2-linoleoyl-GPE (16:0/18:2),Lipid,Phosphatidylethanolamine (PE),42449,LC/MS Pos Late,100001870,2275,,
2042,1-palmitoyl-2-linoleoyl-GPI (16:0/18:2),Lipid,Phosphatidylinositol (PI),52450,LC/MS Polar,1528,910,,
1823,1-palmitoyl-2-oleoyl-GPC (16:0/18:1),Lipid,Phosphatidylcholine (PC),52461,LC/MS Pos Late,1539,2358,26853-31-6;26853-31-6,
1941,1-palmitoyl-2-oleoyl-GPE (16:0/18:1),Lipid,Phosphatidylethanolamine (PE),19263,LC/MS Pos Late,1526,2509,26662-94-2,
2040,1-palmitoyl-2-oleoyl-GPI (16:0/18:1)*,Lipid,Phosphatidylinositol (PI),52669,LC/MS Pos Late,100009066,3140,,
1820,1-palmitoyl-2-palmitoleoyl-GPC (16:0/16:1)*,Lipid,Phosphatidylcholine (PC),52470,LC/MS Pos Late,100008984,2160,,
1821,1-palmitoyl-2-stearoyl-GPC (16:0/18:0),Lipid,Phosphatidylcholine (PC),52616,LC/MS Pos Late,100008921,2653,59403-51-9,
2351,1-palmitoylglycerol (16:0),Lipid,Monoacylglycerol,21127,LC/MS Neg,100000827,6550,542-44-9,
2097,1-palmitoyl-GPC (16:0),Lipid,Lysophospholipid,33955,LC/MS Pos Late,100001263,1525,17364-16-8,
2149,1-palmitoyl-GPE (16:0),Lipid,Lysophospholipid,35631,LC/MS Pos Late,100001567,1544,53862-35-4,
2191,1-palmitoyl-GPG (16:0)*,Lipid,Lysophospholipid,45970,LC/MS Neg,100005717,5570,,
2198,1-palmitoyl-GPI* (16:0),Lipid,Lysophospholipid,35305,LC/MS Neg,100001655,5564,,
2350,1-pentadecanoylglycerol (15:0),Lipid,Monoacylglycerol,47898,LC/MS Neg,100001431,6200,104140-07-0,
1870,1-stearoyl-2-arachidonoyl-GPC (18:0/20:4),Lipid,Phosphatidylcholine (PC),42450,LC/MS Pos Late,100001869,2300,35418-59-8,
1962,1-stearoyl-2-arachidonoyl-GPE (18:0/20:4),Lipid,Phosphatidylethanolamine (PE),52447,LC/MS Pos Late,100008977,2424,,
2059,1-stearoyl-2-arachidonoyl-GPI (18:0/20:4),Lipid,Phosphatidylinositol (PI),52449,LC/MS Pos Late,100000616,3000,383907-33-3,
1876,1-stearoyl-2-docosahexaenoyl-GPC (18:0/22:6),Lipid,Phosphatidylcholine (PC),52611,LC/MS Pos Late,100008916,2197,59403-52-0,
1966,1-stearoyl-2-docosahexaenoyl-GPE (18:0/22:6)*,Lipid,Phosphatidylethanolamine (PE),52466,LC/MS Pos Late,100008992,2317,,
1957,1-stearoyl-2-linoleoyl-GPE (18:0/18:2)*,Lipid,Phosphatidylethanolamine (PE),52446,LC/MS Pos Late,100008976,2522,,
2048,1-stearoyl-2-linoleoyl-GPI (18:0/18:2),Lipid,Phosphatidylinositol (PI),52468,LC/MS Pos Late,100008994,3185,,
2014,1-stearoyl-2-linoleoyl-GPS (18:0/18:2),Lipid,Phosphatidylserine (PS),53009,LC/MS Pos Late,100000642,2689,322647-11-0,
1859,1-stearoyl-2-oleoyl-GPC (18:0/18:1),Lipid,Phosphatidylcholine (PC),52438,LC/MS Pos Late,100008904,2644,56421-10-4,
1954,1-stearoyl-2-oleoyl-GPE (18:0/18:1),Lipid,Phosphatidylethanolamine (PE),42448,LC/MS Pos Late,100001856,2858,,
2013,1-stearoyl-2-oleoyl-GPS (18:0/18:1),Lipid,Phosphatidylserine (PS),19265,LC/MS Pos Late,100000639,3000,,
2105,1-stearoyl-GPC (18:0),Lipid,Lysophospholipid,33961,LC/MS Pos Late,100001271,1606,19420-57-6,
2156,1-stearoyl-GPE (18:0),Lipid,Lysophospholipid,42398,LC/MS Pos Late,100001461,1626,69747-55-3,
2201,1-stearoyl-GPI (18:0),Lipid,Lysophospholipid,19324,LC/MS Neg,100000656,5794,796963-93-4,
2185,1-stearoyl-GPS (18:0)*,Lipid,Lysophospholipid,45966,LC/MS Neg,100004327,5800,,
2372,2-arachidonoylglycerol (20:4),Lipid,Monoacylglycerol,19266,LC/MS Neg,100000584,6170,53847-30-6,C13856
2360,2-dihomo-linoleoylglycerol (20:2)*,Lipid,Monoacylglycerol,62450,LC/MS Neg,100020771,6700,,
2374,2-docosahexaenoylglycerol (22:6)*,Lipid,Monoacylglycerol,48675,LC/MS Neg,100006352,6050,,
1560,2-hydroxydecanoate,Lipid,"Fatty Acid, Monohydroxy",42489,LC/MS Neg,100004089,4840,5393-81-7,
1349,2-hydroxyglutarate,Lipid,"Fatty Acid, Dicarboxylate",37253,LC/MS Polar,100002070,3352.8,40951-21-1,C02630
1561,2-hydroxylaurate,Lipid,"Fatty Acid, Monohydroxy",52916,LC/MS Neg,100008934,5211,2984-55-6,
2371,2-linoleoylglycerol (18:2),Lipid,Monoacylglycerol,32506,LC/MS Neg,100000987,6250,3443-82-1,
2366,2-myristoylglycerol (14:0),Lipid,Monoacylglycerol,34383,LC/MS Neg,100001408,6230,27214-38-6,
2370,2-oleoylglycerol (18:1),Lipid,Monoacylglycerol,21232,LC/MS Neg,100000943,6500,3443-84-3,
2368,2-palmitoleoylglycerol (16:1)*,Lipid,Monoacylglycerol,52432,LC/MS Neg,100008953,6016,,
2367,2-palmitoylglycerol (16:0),Lipid,Monoacylglycerol,33419,LC/MS Neg,100001048,6400,23470-00-0,
2098,2-palmitoyl-GPC* (16:0)*,Lipid,Lysophospholipid,35253,LC/MS Pos Late,100001562,1505,,
2157,2-stearoyl-GPE (18:0)*,Lipid,Lysophospholipid,41220,LC/MS Neg,100003901,6350,,
2601,3-hydroxy-3-methylglutarate,Lipid,Mevalonate Metabolism,531,LC/MS Polar,112,2850,503-49-1,C03761
1540,3-hydroxybutyrate (BHBA),Lipid,Ketone Bodies,542,LC/MS Polar,254,1444,625-72-9,C01089
1477,3-hydroxybutyrylcarnitine (2),Lipid,Fatty Acid Metabolism(Acyl Carnitine),52984,LC/MS Pos Early,100009271,2340,,
1575,3-hydroxydecanoate,Lipid,"Fatty Acid, Monohydroxy",22053,LC/MS Neg,100000997,4634.7,5561-87-5,
1572,3-hydroxyhexanoate,Lipid,"Fatty Acid, Monohydroxy",53230,LC/MS Polar,100006367,1082,10191-24-9,
1481,3-hydroxyhexanoylcarnitine (1),Lipid,Fatty Acid Metabolism(Acyl Carnitine),62557,LC/MS Pos Early,100020825,2918,,
1577,3-hydroxylaurate,Lipid,"Fatty Acid, Monohydroxy",32457,LC/MS Neg,100001112,5175,53941-38-1,
1579,3-hydroxymyristate,Lipid,"Fatty Acid, Monohydroxy",21158,LC/MS Neg,100000882,5335,3422-31-9,
1573,3-hydroxyoctanoate,Lipid,"Fatty Acid, Monohydroxy",22001,LC/MS Neg,100000773,3446,88930-08-9,
1581,3-hydroxyoleate*,Lipid,"Fatty Acid, Monohydroxy",61843,LC/MS Neg,100019966,5508,,
2640,4-cholesten-3-one,Lipid,Sterol,38125,LC/MS Pos Late,100002227,2520,601-57-0,C00599
2691,"5alpha-pregnan-3beta,20alpha-diol monosulfate (2)",Lipid,Progestin Steroids,37200,LC/MS Neg,100002014,5060,,
2688,"5alpha-pregnan-3beta,20beta-diol monosulfate (1)",Lipid,Progestin Steroids,37196,LC/MS Neg,100002009,5180,,
2687,"5alpha-pregnan-3beta-ol,20-one sulfate",Lipid,Progestin Steroids,37480,LC/MS Neg,100002035,5136,7730-00-9,
1204,5-dodecenoate (12:1n7),Lipid,Medium Chain Fatty Acid,33968,LC/MS Neg,100001232,5224,2430-94-6,
1486,5-dodecenoylcarnitine (C12:1),Lipid,Fatty Acid Metabolism(Acyl Carnitine),61769,LC/MS Pos Late,100016069,1135,,
2660,7-hydroxycholesterol (alpha or beta),Lipid,Sterol,47890,LC/MS Pos Late,100005999,1930,,
1618,"9,10-DiHOME",Lipid,"Fatty Acid, Dihydroxy",38399,LC/MS Neg,179,5180,263399-34-4,C14828
1612,9-hydroxystearate,Lipid,"Fatty Acid, Monohydroxy",47120,LC/MS Neg,100005834,5384,25498-28-6,
1474,acetylcarnitine (C2),Lipid,Fatty Acid Metabolism(Acyl Carnitine),32198,LC/MS Pos Early,100000802,2282,5080-50-2,C02571
1351,adipate,Lipid,"Fatty Acid, Dicarboxylate",21134,LC/MS Polar,100000863,3000,124-04-9,C06104
1265,adrenate (22:4n6),Lipid,Polyunsaturated Fatty Acid (n3 and n6),32980,LC/MS Neg,100001193,5678,2091-25-0,C16527
2758,"androstenediol (3beta,17beta) disulfate (1)",Lipid,Androgenic Steroids,37202,LC/MS Neg,100001992,3740,,C04295
2749,androsterone sulfate,Lipid,Androgenic Steroids,31591,LC/MS Neg,100001073,5022,2479-86-9,
1264,arachidonate (20:4n6),Lipid,Polyunsaturated Fatty Acid (n3 and n6),1110,LC/MS Neg,229,5535,506-32-1,C00219
1364,azelate (nonanedioate; C9),Lipid,"Fatty Acid, Dicarboxylate",18362,LC/MS Neg,2029,1276,123-99-9,C08261
2553,behenoyl dihydrosphingomyelin (d18:0/22:0)*,Lipid,Dihydrosphingomyelins,57331,LC/MS Pos Late,100009026,3150,,
2559,behenoyl sphingomyelin (d18:1/22:0)*,Lipid,Sphingomyelins,48492,LC/MS Pos Late,100006294,3083,,
2641,beta-sitosterol,Lipid,Sterol,27414,LC/MS Pos Late,100001033,3054,83-46-5,C01753
1440,butyrylcarnitine (C4),Lipid,Fatty Acid Metabolism (also BCAA Metabolism),32412,LC/MS Pos Early,100001054,2860,25576-40-3,C02862
2643,campesterol,Lipid,Sterol,33997,LC/MS Pos Late,100001269,2873,474-62-4,C01789
1199,caprate (10:0),Lipid,Medium Chain Fatty Acid,1642,LC/MS Neg,888,5090.7,334-48-5,C01571
1195,caproate (6:0),Lipid,Medium Chain Fatty Acid,32489,LC/MS Neg,926,2713.7,142-62-1,C01585
1197,caprylate (8:0),Lipid,Medium Chain Fatty Acid,32492,LC/MS Neg,932,4362,124-07-2,C06423
1535,carnitine,Lipid,Carnitine Metabolism,15500,LC/MS Pos Early,100000007,1978,461-05-2,C00318
2508,"ceramide (d16:1/24:1, d18:1/22:1)*",Lipid,Ceramides,57437,LC/MS Pos Late,100015727,3850,,
2504,"ceramide (d18:1/14:0, d16:1/16:0)*",Lipid,Ceramides,57432,LC/MS Pos Late,100015735,2477,,
2505,"ceramide (d18:1/17:0, d17:1/18:0)*",Lipid,Ceramides,57434,LC/MS Pos Late,100015737,3055,,
2507,"ceramide (d18:1/20:0, d16:1/22:0, d20:1/18:0)*",Lipid,Ceramides,57440,LC/MS Pos Late,100015755,3920,,
2509,"ceramide (d18:2/24:1, d18:1/24:2)*",Lipid,Ceramides,57443,LC/MS Pos Late,100015744,3858,,
2616,cholesterol,Lipid,Sterol,63,LC/MS Pos Late,266,2707,57-88-5,C00187
1775,choline,Lipid,Phospholipid Metabolism,15506,LC/MS Pos Early,1256,1961,67-48-1,C00114
1776,phosphocholine,Lipid,Phospholipid Metabolism,34396,LC/MS Polar,267,4730,72556-74-2,C00588
1487,cis-4-decenoylcarnitine (C10:1),Lipid,Fatty Acid Metabolism(Acyl Carnitine),38178,LC/MS Pos Late,100002259,1057,98930-66-6,
2737,dehydroisoandrosterone sulfate (DHEA-S),Lipid,Androgenic Steroids,32425,LC/MS Neg,100000792,4745,651-48-9,C04555
1534,deoxycarnitine,Lipid,Carnitine Metabolism,36747,LC/MS Pos Early,100001662,2052,6249-56-5,C01181
2615,desmosterol,Lipid,Sterol,6065,LC/MS Pos Late,306,2364,313-04-2,C01802
2382,"diacylglycerol (12:0/18:1, 14:0/16:1, 16:0/14:1) [1]*",Lipid,Diacylglycerol,55002,LC/MS Pos Late,100010958,2636,,
2383,"diacylglycerol (12:0/18:1, 14:0/16:1, 16:0/14:1) [2]*",Lipid,Diacylglycerol,55001,LC/MS Pos Late,100010959,2716,,
2384,"diacylglycerol (14:0/18:1, 16:0/16:1) [1]*",Lipid,Diacylglycerol,54953,LC/MS Pos Late,100010934,3057,,
2385,"diacylglycerol (14:0/18:1, 16:0/16:1) [2]*",Lipid,Diacylglycerol,54954,LC/MS Pos Late,100010935,3183,,
2386,"diacylglycerol (16:1/18:2 [2], 16:0/18:3 [1])*",Lipid,Diacylglycerol,54966,LC/MS Pos Late,100010940,2733,,
1268,dihomolinoleate (20:2n6),Lipid,Polyunsaturated Fatty Acid (n3 and n6),17805,LC/MS Neg,1231,5730,2091-39-6,C16525
1263,dihomolinolenate (20:3n3 or 3n6),Lipid,Polyunsaturated Fatty Acid (n3 and n6),35718,LC/MS Neg,100001739,5596,17046-59-2,C03242
1267,docosadienoate (22:2n6),Lipid,Polyunsaturated Fatty Acid (n3 and n6),32415,LC/MS Neg,100001182,6034,7370-49-2,C16533
1254,docosahexaenoate (DHA; 22:6n3),Lipid,Polyunsaturated Fatty Acid (n3 and n6),44675,LC/MS Neg,100000665,5525,6217-54-5,C06429
1253,docosapentaenoate (DPA; 22:5n3),Lipid,Polyunsaturated Fatty Acid (n3 and n6),32504,LC/MS Neg,100001181,5571,2234-74-4,C16513
1266,docosapentaenoate (n6 DPA; 22:5n6),Lipid,Polyunsaturated Fatty Acid (n3 and n6),37478,LC/MS Neg,100001580,5624.5,25182-74-5,C16513
1255,docosatrienoate (22:3n3),Lipid,Polyunsaturated Fatty Acid (n3 and n6),32417,LC/MS Neg,100001195,5823,59708-86-0,C16534
1368,dodecadienoate (12:2)*,Lipid,"Fatty Acid, Dicarboxylate",62276,LC/MS Neg,100020478,5146,,
1252,eicosapentaenoate (EPA; 20:5n3),Lipid,Polyunsaturated Fatty Acid (n3 and n6),18467,LC/MS Neg,2050,5450,10-2005-9;10417-94-4,C06428
1233,eicosenoate (20:1n9 or 1n11),Lipid,Long Chain Fatty Acid,33587,LC/MS Neg,100001335,5950,,C16526
1238,erucate (22:1n9),Lipid,Long Chain Fatty Acid,1552,LC/MS Neg,1087,6355.6,112-86-7,C08316
2341,glycerol,Lipid,Glycerolipid Metabolism,15122,LC/MS Neg,1254,758,56-81-5,C00116
2342,glycerol 3-phosphate,Lipid,Glycerolipid Metabolism,43847,LC/MS Pos Early,100000258,580,29849-82-9,C00093
1783,glycerophosphoethanolamine,Lipid,Phospholipid Metabolism,37455,LC/MS Polar,100001620,3075,33049-08-0,C01233
2347,glycerophosphoglycerol,Lipid,Glycerolipid Metabolism,48857,LC/MS Pos Early,100001619,520,,C03274
1785,glycerophosphoinositol*,Lipid,Phospholipid Metabolism,52307,LC/MS Pos Early,100001621,516,16824-65-0,
1779,glycerophosphorylcholine (GPC),Lipid,Phospholipid Metabolism,15990,LC/MS Pos Early,100000269,672,28319-77-9,C00670
1784,glycerophosphoserine*,Lipid,Phospholipid Metabolism,57404,LC/MS Pos Early,100015666,577,,
2815,glycochenodeoxycholate,Lipid,Primary Bile Acid Metabolism,32346,LC/MS Neg,1628,5236.1,16564-43-5,C05466
2812,glycocholate,Lipid,Primary Bile Acid Metabolism,18476,LC/MS Neg,342,5163,475-31-0;863-57-0,C01921
2833,glycodeoxycholate,Lipid,Secondary Bile Acid Metabolism,18477,LC/MS Neg,100000436,5281,360-65-6,C05464
2534,"glycosyl ceramide (d18:1/20:0, d16:1/22:0)*",Lipid,Hexosylceramides (HCER),57595,LC/MS Pos Late,100015882,3414,,
2538,"glycosyl ceramide (d18:2/24:1, d18:1/24:2)*",Lipid,Hexosylceramides (HCER),57453,LC/MS Pos Late,100015745,3380,,
2524,glycosyl-N-behenoyl-sphingadienine (d18:2/22:0)*,Lipid,Hexosylceramides (HCER),57421,LC/MS Pos Late,100015625,3420,,
2516,glycosyl-N-behenoyl-sphingosine (d18:1/22:0)*,Lipid,Hexosylceramides (HCER),57371,LC/MS Pos Late,100015622,4058,,
2519,glycosyl-N-nervonoyl-sphingosine (d18:1/24:1)*,Lipid,Hexosylceramides (HCER),57369,LC/MS Pos Late,100001878,3990,,
2513,glycosyl-N-palmitoyl-sphingosine (d18:1/16:0),Lipid,Hexosylceramides (HCER),53013,LC/MS Pos Late,100009272,2623,,
2514,glycosyl-N-stearoyl-sphingosine (d18:1/18:0),Lipid,Hexosylceramides (HCER),52234,LC/MS Pos Late,100001882,3053,,
2525,glycosyl-N-tricosanoyl-sphingadienine (d18:2/23:0)*,Lipid,Hexosylceramides (HCER),57445,LC/MS Pos Late,100015748,3724,,
1196,heptanoate (7:0),Lipid,Medium Chain Fatty Acid,1644,LC/MS Neg,925,3670,111-14-8,C17714
1247,hexadecadienoate (16:2n6),Lipid,Polyunsaturated Fatty Acid (n3 and n6),57652,LC/MS Neg,100009394,5398,28290-73-5,
2593,hexadecasphingosine (d16:1)*,Lipid,Sphingosines,57428,LC/MS Pos Late,100015723,1289,,
1479,hexanoylcarnitine (C6),Lipid,Fatty Acid Metabolism(Acyl Carnitine),32328,LC/MS Pos Early,100000781,3358,6920-35-0,
2543,lactosyl-N-behenoyl-sphingosine (d18:1/22:0)*,Lipid,Lactosylceramides (LCER),57422,LC/MS Pos Late,100015623,3842,,
2544,lactosyl-N-nervonoyl-sphingosine (d18:1/24:1)*,Lipid,Lactosylceramides (LCER),57370,LC/MS Pos Late,100015620,3778,,
2540,lactosyl-N-palmitoyl-sphingosine (d18:1/16:0),Lipid,Lactosylceramides (LCER),53010,LC/MS Pos Late,100009030,2527,4201-62-1,
1203,laurate (12:0),Lipid,Medium Chain Fatty Acid,1645,LC/MS Neg,181,5300,143-07-7,C02679
1488,laurylcarnitine (C12),Lipid,Fatty Acid Metabolism(Acyl Carnitine),34534,LC/MS Pos Late,100001392,1235,25518-54-1,
2561,lignoceroyl sphingomyelin (d18:1/24:0),Lipid,Sphingomyelins,57330,LC/MS Pos Late,100006298,3437,60037-60-7,
1259,linoleate (18:2n6),Lipid,Polyunsaturated Fatty Acid (n3 and n6),1105,LC/MS Neg,180,5535,60-33-3,C01595
1261,linolenate (18:3n3 or 3n6),Lipid,Polyunsaturated Fatty Acid (n3 and n6),34035,LC/MS Neg,100001337,5450,,C06426
2431,linolenoyl-linolenoyl-glycerol (18:3/18:3) [1]*,Lipid,Diacylglycerol,54951,LC/MS Pos Late,100010932,2229,,
2432,linolenoyl-linolenoyl-glycerol (18:3/18:3) [2]*,Lipid,Diacylglycerol,54952,LC/MS Pos Late,100010933,2268,,
1729,linoleoyl ethanolamide,Lipid,Endocannabinoid,52608,LC/MS Neg,100006726,6150,68171-52-8,
2437,linoleoyl-arachidonoyl-glycerol (18:2/20:4) [1]*,Lipid,Diacylglycerol,54955,LC/MS Pos Late,100010922,2590,,
2438,linoleoyl-arachidonoyl-glycerol (18:2/20:4) [2]*,Lipid,Diacylglycerol,54956,LC/MS Pos Late,100010923,2650,,
1494,linoleoylcarnitine (C18:2)*,Lipid,Fatty Acid Metabolism(Acyl Carnitine),46223,LC/MS Pos Late,100003151,1430,36816-10-1,
2441,linoleoyl-docosahexaenoyl-glycerol (18:2/22:6) [1]*,Lipid,Diacylglycerol,54949,LC/MS Pos Late,100010928,2450,,
2442,linoleoyl-docosahexaenoyl-glycerol (18:2/22:6) [2]*,Lipid,Diacylglycerol,54950,LC/MS Pos Late,100010929,2500,,
2429,linoleoyl-linolenoyl-glycerol (18:2/18:3) [1]*,Lipid,Diacylglycerol,54963,LC/MS Pos Late,100010926,2426,,
2430,linoleoyl-linolenoyl-glycerol (18:2/18:3) [2]*,Lipid,Diacylglycerol,54964,LC/MS Pos Late,100010927,2478,,
2427,linoleoyl-linoleoyl-glycerol (18:2/18:2) [1]*,Lipid,Diacylglycerol,54968,LC/MS Pos Late,100010941,2720,,
2428,linoleoyl-linoleoyl-glycerol (18:2/18:2) [2]*,Lipid,Diacylglycerol,54969,LC/MS Pos Late,100010942,2790,,
1180,malonate,Lipid,Fatty Acid Synthesis,15872,LC/MS Polar,818,3447,141-82-2;26522-22-85-0,C00383
1179,malonylcarnitine,Lipid,Fatty Acid Synthesis,37059,LC/MS Pos Early,100001526,2086,853728-01-5,
1214,margarate (17:0),Lipid,Long Chain Fatty Acid,1121,LC/MS Neg,891,5731,506-12-7,
1446,methylmalonate (MMA),Lipid,Fatty Acid Metabolism (also BCAA Metabolism),1496,LC/MS Polar,418,3078.4,516-05-2,C02170
1746,myo-inositol,Lipid,Inositol Metabolism,1124,LC/MS Polar,363,3506.3,87-89-8,C00137
1206,myristate (14:0),Lipid,Long Chain Fatty Acid,1365,LC/MS Neg,519,5440,544-63-8,C06424
1207,myristoleate (14:1n5),Lipid,Long Chain Fatty Acid,32418,LC/MS Neg,100001198,5346.9,544-64-9,C08322
1499,myristoleoylcarnitine (C14:1)*,Lipid,Fatty Acid Metabolism(Acyl Carnitine),48182,LC/MS Pos Late,100006051,1316,889848-55-9,
2551,myristoyl dihydrosphingomyelin (d18:0/14:0)*,Lipid,Dihydrosphingomyelins,57365,LC/MS Pos Late,100009038,2060,,
1489,myristoylcarnitine (C14),Lipid,Fatty Acid Metabolism(Acyl Carnitine),33952,LC/MS Pos Late,100001270,1350,18822-89-4,
2395,myristoyl-linoleoyl-glycerol (14:0/18:2) [1]*,Lipid,Diacylglycerol,57407,LC/MS Pos Late,100015683,2679,,
2396,myristoyl-linoleoyl-glycerol (14:0/18:2) [2]*,Lipid,Diacylglycerol,57408,LC/MS Pos Late,100015684,2720,,
2490,N-behenoyl-sphingadienine (d18:2/22:0)*,Lipid,Ceramides,57372,LC/MS Pos Late,100015624,3911,,
1241,nervonate (24:1n9)*,Lipid,Long Chain Fatty Acid,52674,LC/MS Neg,100001231,6804,506-37-6,C08323
1450,N-octanoylglutamine,Lipid,Fatty Acid Metabolism (Acyl Glutamine),54919,LC/MS Neg,100003941,4164,,
1463,N-octanoylglycine,Lipid,Fatty Acid Metabolism(Acyl Glycine),43502,LC/MS Neg,100003940,4335.4,14246-53-8,
2488,N-palmitoyl-sphingadienine (d18:2/16:0)*,Lipid,Ceramides,57416,LC/MS Pos Late,100015609,2490,,
2471,N-palmitoyl-sphinganine (d18:0/16:0),Lipid,Dihydroceramides,52604,LC/MS Pos Late,100009028,3090,5966-29-0,
2479,N-palmitoyl-sphingosine (d18:1/16:0),Lipid,Ceramides,44877,LC/MS Pos Late,1518,2893,24696-26-2,
2472,N-stearoyl-sphinganine (d18:0/18:0)*,Lipid,Dihydroceramides,1759,LC/MS Pos Late,922,3526,2304-80-5,
2482,N-stearoyl-sphingosine (d18:1/18:0)*,Lipid,Ceramides,54979,LC/MS Pos Late,1547,3392,104404-17-3,
1482,octanoylcarnitine (C8),Lipid,Fatty Acid Metabolism(Acyl Carnitine),33936,LC/MS Pos Late,100001247,950,3671-77-0,C02838
1219,oleate/vaccenate (18:1),Lipid,Long Chain Fatty Acid,52285,LC/MS Neg,100008930,5655,,
1711,oleoyl ethanolamide,Lipid,Endocannabinoid,38102,LC/MS Pos Late,1137,1661,11-58-0;111-58-0,
2435,oleoyl-arachidonoyl-glycerol (18:1/20:4) [1]*,Lipid,Diacylglycerol,54960,LC/MS Pos Late,100010936,2907,,
2436,oleoyl-arachidonoyl-glycerol (18:1/20:4) [2]*,Lipid,Diacylglycerol,54961,LC/MS Pos Late,100010937,2990,,
1497,oleoylcarnitine (C18),Lipid,Fatty Acid Metabolism(Acyl Carnitine),35160,LC/MS Pos Late,100001501,1423,38677-66-6,
2425,oleoyl-linolenoyl-glycerol (18:1/18:3) [2]*,Lipid,Diacylglycerol,54970,LC/MS Pos Late,100010944,2819,,
2422,oleoyl-linoleoyl-glycerol (18:1/18:2) [1],Lipid,Diacylglycerol,46798,LC/MS Pos Late,100002989,3115,106292-55-1,
2423,oleoyl-linoleoyl-glycerol (18:1/18:2) [2],Lipid,Diacylglycerol,46799,LC/MS Pos Late,100002990,3223,104346-53-4,
2419,oleoyl-oleoyl-glycerol (18:1/18:1)  [1]*,Lipid,Diacylglycerol,54945,LC/MS Pos Late,100010918,3571,,
2420,oleoyl-oleoyl-glycerol (18:1/18:1) [2]*,Lipid,Diacylglycerol,54946,LC/MS Pos Late,100010919,3695,,
1211,palmitate (16:0),Lipid,Long Chain Fatty Acid,1336,LC/MS Neg,424,5618,57-10-3,C00249
1212,palmitoleate (16:1n7),Lipid,Long Chain Fatty Acid,33447,LC/MS Neg,452,5475,373-49-9,C08362
1492,palmitoleoylcarnitine (C16:1)*,Lipid,Fatty Acid Metabolism(Acyl Carnitine),53223,LC/MS Pos Late,100009406,1357,,
2408,palmitoleoyl-linoleoyl-glycerol (16:1/18:2) [1]*,Lipid,Diacylglycerol,54967,LC/MS Pos Late,100010930,2664,,
2552,palmitoyl dihydrosphingomyelin (d18:0/16:0)*,Lipid,Dihydrosphingomyelins,52434,LC/MS Pos Late,100008954,2290,,
1714,palmitoyl ethanolamide,Lipid,Endocannabinoid,38165,LC/MS Pos Late,1489,1643,544-31-0,C16512
2556,palmitoyl sphingomyelin (d18:1/16:0),Lipid,Sphingomyelins,37506,LC/MS Pos Late,100002107,2168,6254-89-3,
2411,palmitoyl-arachidonoyl-glycerol (16:0/20:4) [2]*,Lipid,Diacylglycerol,54958,LC/MS Pos Late,100010925,3015,,
1491,palmitoylcarnitine (C16),Lipid,Fatty Acid Metabolism(Acyl Carnitine),44681,LC/MS Pos Late,100000776,1425,6865-14-1,C02990
2413,palmitoyl-docosahexaenoyl-glycerol (16:0/22:6) [1]*,Lipid,Diacylglycerol,57373,LC/MS Pos Late,100015618,2749,,
2414,palmitoyl-docosahexaenoyl-glycerol (16:0/22:6) [2]*,Lipid,Diacylglycerol,57374,LC/MS Pos Late,100015619,2830,,
2405,palmitoyl-linolenoyl-glycerol (16:0/18:3) [2]*,Lipid,Diacylglycerol,54965,LC/MS Pos Late,100010939,2834,,
2403,palmitoyl-linoleoyl-glycerol (16:0/18:2) [1]*,Lipid,Diacylglycerol,52633,LC/MS Pos Late,100009052,3080,,
2404,palmitoyl-linoleoyl-glycerol (16:0/18:2) [2]*,Lipid,Diacylglycerol,52634,LC/MS Pos Late,100009055,3197,,
2394,palmitoyl-myristoyl-glycerol (16:0/14:0) [2],Lipid,Diacylglycerol,57364,LC/MS Pos Late,100015610,3180,,
2401,palmitoyl-oleoyl-glycerol (16:0/18:1) [1]*,Lipid,Diacylglycerol,54943,LC/MS Pos Late,100010916,3562,,C13861
2402,palmitoyl-oleoyl-glycerol (16:0/18:1) [2]*,Lipid,Diacylglycerol,54942,LC/MS Pos Late,100010917,3695,,C13861
2398,palmitoyl-palmitoyl-glycerol (16:0/16:0) [2]*,Lipid,Diacylglycerol,54990,LC/MS Pos Late,100010948,3734,,
1198,pelargonate (9:0),Lipid,Medium Chain Fatty Acid,12035,LC/MS Neg,437,4798,112-05-0,C01601
1210,pentadecanoate (15:0),Lipid,Long Chain Fatty Acid,1361,LC/MS Neg,980,5521,1002-84-2;10002-84-2,C16537
1529,pentadecanoylcarnitine (C15)*,Lipid,Fatty Acid Metabolism(Acyl Carnitine),57522,LC/MS Pos Late,100015842,1362,,
1781,phosphoethanolamine (PE),Lipid,Phospholipid Metabolism,1600,LC/MS Neg,1026,638,1071-23-4,C00346
2705,pregnanolone/allopregnanolone sulfate,Lipid,Progestin Steroids,48394,LC/MS Neg,100006173,5160,,
2679,pregnenediol sulfate (C21H34O5S)*,Lipid,Pregnenolone Steroids,32619,LC/MS Neg,100002067,5000,1247-64-9,
2662,pregnenolone sulfate,Lipid,Pregnenolone Steroids,38170,LC/MS Neg,100002129,5100,1247-64-9,
1443,propionylcarnitine (C3),Lipid,Fatty Acid Metabolism (also BCAA Metabolism),32452,LC/MS Pos Early,100001162,2590,17298-37-2,C03017
1366,sebacate (C10-DC),Lipid,"Fatty Acid, Dicarboxylate",32398,LC/MS Polar,100001211,2147,111-20-6,C08277
2465,sphinganine,Lipid,Sphingolipid Synthesis,17769,LC/MS Pos Late,313,1413,3102-56-5,C00836
2568,"sphingomyelin (d17:1/16:0, d18:1/15:0, d16:1/17:0)*",Lipid,Sphingomyelins,52433,LC/MS Pos Late,100006314,2082,121999-58-4,
2554,"sphingomyelin (d18:0/18:0, d19:0/17:0)*",Lipid,Dihydrosphingomyelins,57473,LC/MS Pos Late,100009027,2362,,
2555,"sphingomyelin (d18:0/20:0, d16:0/22:0)*",Lipid,Dihydrosphingomyelins,57476,LC/MS Pos Late,100015786,2600,,
2566,"sphingomyelin (d18:1/14:0, d16:1/16:0)*",Lipid,Sphingomyelins,42463,LC/MS Pos Late,100004328,1998,,
2571,"sphingomyelin (d18:1/17:0, d17:1/18:0, d19:1/16:0)",Lipid,Sphingomyelins,52615,LC/MS Pos Late,100008920,2312,121999-64-2,
2572,"sphingomyelin (d18:1/18:1, d18:2/18:0)",Lipid,Sphingomyelins,37529,LC/MS Pos Late,100002106,2167,108392-10-5,
2573,"sphingomyelin (d18:1/19:0, d19:1/18:0)*",Lipid,Sphingomyelins,57475,LC/MS Pos Late,100015787,2330,,
2574,"sphingomyelin (d18:1/20:0, d16:1/22:0)*",Lipid,Sphingomyelins,48490,LC/MS Pos Late,100006290,2685,,
2575,"sphingomyelin (d18:1/20:1, d18:2/20:0)*",Lipid,Sphingomyelins,48491,LC/MS Pos Late,100006292,2383,222403-67-0,
2576,"sphingomyelin (d18:1/20:2, d18:2/20:1, d16:1/22:2)*",Lipid,Sphingomyelins,57481,LC/MS Pos Late,100006293,2039,,
2577,"sphingomyelin (d18:1/21:0, d17:1/22:0, d16:1/23:0)*",Lipid,Sphingomyelins,52495,LC/MS Pos Late,100009025,2793,,
2579,"sphingomyelin (d18:1/22:1, d18:2/22:0, d16:1/24:1)*",Lipid,Sphingomyelins,48493,LC/MS Pos Late,100006295,2666,,
2580,"sphingomyelin (d18:1/22:2, d18:2/22:1, d16:1/24:2)*",Lipid,Sphingomyelins,57477,LC/MS Pos Late,100006296,2209,,
2582,"sphingomyelin (d18:1/24:1, d18:2/24:0)*",Lipid,Sphingomyelins,47153,LC/MS Pos Late,100005986,3033,94359-13-4,
2584,"sphingomyelin (d18:1/25:0, d19:0/24:1, d20:1/23:0, d19:1/24:0)*",Lipid,Sphingomyelins,57478,LC/MS Pos Late,100015792,3500,,
2570,"sphingomyelin (d18:2/16:0, d18:1/16:1)*",Lipid,Sphingomyelins,42459,LC/MS Pos Late,100004329,2002,,
2578,"sphingomyelin (d18:2/21:0, d16:2/23:0)*",Lipid,Sphingomyelins,57480,LC/MS Pos Late,100015790,2330,,
2581,"sphingomyelin (d18:2/23:0, d18:1/23:1, d17:1/24:1)*",Lipid,Sphingomyelins,52435,LC/MS Pos Late,100008956,2845,,
2563,sphingomyelin (d18:2/23:1)*,Lipid,Sphingomyelins,57482,LC/MS Pos Late,100015791,2315,,
2583,"sphingomyelin (d18:2/24:1, d18:1/24:2)*",Lipid,Sphingomyelins,52437,LC/MS Pos Late,100008957,2635,,
2585,sphingosine,Lipid,Sphingosines,17747,LC/MS Pos Late,297,1393,123-78-4,C00319
1217,stearate (18:0),Lipid,Long Chain Fatty Acid,1358,LC/MS Neg,439,5872,57-11-4,C01530
1251,stearidonate (18:4n3),Lipid,Polyunsaturated Fatty Acid (n3 and n6),33969,LC/MS Neg,100001229,5395,111174-40-4,C16300
1715,stearoyl ethanolamide,Lipid,Endocannabinoid,38625,LC/MS Pos Late,100002254,1787,111-57-9,
2558,stearoyl sphingomyelin (d18:1/18:0),Lipid,Sphingomyelins,19503,LC/MS Pos Late,1538,2400,85187-10-6;85187-10-6,C00550
2434,stearoyl-arachidonoyl-glycerol (18:0/20:4) [2]*,Lipid,Diacylglycerol,57449,LC/MS Pos Late,100010950,3522,,
1493,stearoylcarnitine (C18),Lipid,Fatty Acid Metabolism(Acyl Carnitine),34409,LC/MS Pos Late,100001391,1485,18822-91-8,
2439,stearoyl-docosahexaenoyl-glycerol (18:0/22:6) [1]*,Lipid,Diacylglycerol,57387,LC/MS Pos Late,100015616,3156,,
2440,stearoyl-docosahexaenoyl-glycerol (18:0/22:6) [2]*,Lipid,Diacylglycerol,57368,LC/MS Pos Late,100015617,3256,,
2417,stearoyl-linoleoyl-glycerol (18:0/18:2) [2]*,Lipid,Diacylglycerol,54947,LC/MS Pos Late,100010921,3762,,
2816,taurochenodeoxycholate,Lipid,Primary Bile Acid Metabolism,18494,LC/MS Neg,1629,5250,6009-98-9,C05465
2813,taurocholate,Lipid,Primary Bile Acid Metabolism,18497,LC/MS Neg,1648,5150,145-42-6,C05122
2834,taurodeoxycholate,Lipid,Secondary Bile Acid Metabolism,12261,LC/MS Neg,1668,5257.4,207737-97-1,C05463
1229,trans-nonadecenoate (tr 19:1)*,Lipid,Long Chain Fatty Acid,57485,LC/MS Neg,100015805,5824,,
2560,tricosanoyl sphingomyelin (d18:1/23:0)*,Lipid,Sphingomyelins,52436,LC/MS Pos Late,100008955,3200,,
1786,trimethylamine N-oxide,Lipid,Phospholipid Metabolism,40406,LC/MS Pos Early,100003397,2100,1184-78-7,C01104
1201,undecanoate (11:0),Lipid,Medium Chain Fatty Acid,12067,LC/MS Neg,889,5219.2,334-48-5,C17715
1194,valerate (5:0),Lipid,Short Chain Fatty Acid,33443,LC/MS Neg,1136,1718,109-52-4,C00803
494,alanylleucine,Peptide,Dipeptide,37093,LC/MS Pos Early,100001890,3055,1638-60-4,
473,gamma-glutamyl-alpha-lysine,Peptide,Gamma-glutamyl Amino Acid,55015,LC/MS Pos Early,100010901,2784,,
474,gamma-glutamyl-epsilon-lysine,Peptide,Gamma-glutamyl Amino Acid,33934,LC/MS Pos Early,100001262,2725,17105-15-6,
468,gamma-glutamylglutamine,Peptide,Gamma-glutamyl Amino Acid,2730,LC/MS Pos Early,1140,1430,10148-81-9,C05283
470,gamma-glutamylhistidine,Peptide,Gamma-glutamyl Amino Acid,18245,LC/MS Pos Early,1235,2740,37460-15-4,
471,gamma-glutamylisoleucine*,Peptide,Gamma-glutamyl Amino Acid,34456,LC/MS Pos Early,100001485,2940,,
472,gamma-glutamylleucine,Peptide,Gamma-glutamyl Amino Acid,18369,LC/MS Neg,1268,1685,2566-39-4,
477,gamma-glutamylthreonine,Peptide,Gamma-glutamyl Amino Acid,33364,LC/MS Pos Early,100001314,1750,5652-48-2,
479,gamma-glutamyltyrosine,Peptide,Gamma-glutamyl Amino Acid,2734,LC/MS Pos Early,1102,2518,7432-23-7,
480,gamma-glutamylvaline,Peptide,Gamma-glutamyl Amino Acid,43829,LC/MS Pos Early,100001126,2700,2746-34-1,
608,glutaminylleucine,Peptide,Dipeptide,42994,LC/MS Pos Early,100003160,3009,,
631,glycylleucine,Peptide,Dipeptide,34398,LC/MS Pos Early,100001258,3059,869-19-2,C02155
641,glycylvaline,Peptide,Dipeptide,18357,LC/MS Pos Early,100000487,2734,1963-21-9,
646,histidylalanine,Peptide,Dipeptide,42027,LC/MS Pos Early,100003542,3014,16874-75-2,
679,leucylalanine,Peptide,Dipeptide,40010,LC/MS Pos Early,100003179,2801,7298-84-2,
850,leucylglutamine*,Peptide,Dipeptide,48189,LC/MS Pos Early,100003183,2620,,
704,lysylleucine,Peptide,Dipeptide,40020,LC/MS Pos Early,100003196,3370,7369-79-1,
926,phenylacetylglutamine,Peptide,Acetylated Peptides,35126,LC/MS Polar,100001417,1293,28047-15-6,C04148
929,phenylacetylglycine,Peptide,Acetylated Peptides,33945,LC/MS Pos Early,100001275,2317,500-98-1,C05598
733,phenylalanylalanine,Peptide,Dipeptide,41374,LC/MS Pos Early,100003589,2909,3918-87-4,
737,phenylalanylglycine,Peptide,Dipeptide,41370,LC/MS Pos Early,100003588,2898,721-90-4,
794,threonylphenylalanine,Peptide,Dipeptide,31530,LC/MS Pos Early,100001125,3077,16875-27-7,
820,tyrosylglycine,Peptide,Dipeptide,41375,LC/MS Neg,100003598,1635,673-05-5,
836,valylglutamine,Peptide,Dipeptide,42079,LC/MS Pos Early,100003640,2295,42854-54-6,
840,valylleucine,Peptide,Dipeptide,39994,LC/MS Pos Early,100003210,3138,22906-55-4,
,,,,,,,,,
,,,,,,,,,
,,,,,,,,,
,,,,,,,,,
,,,,,,,,,
,,,,,,,,,
,  ,,,,,,,,